{
  "cls_token": "[CLS]",
  "do_basic_tokenize": true,
  "do_lower_case": false,
  "mask_token": "[MASK]",
  "model_max_length": 512,
  "name_or_path": "uer/chinese_roberta_L-4_H-512",
  "never_split": null,
  "pad_token": "[PAD]",
  "sep_token": "[SEP]",
  "special_tokens_map_file": "/root/.cache/huggingface/hub/models--uer--chinese_roberta_L-4_H-512/snapshots/9479dc5edd1aff97e78fbb297eecfff09a05852d/special_tokens_map.json",
  "strip_accents": null,
  "tokenize_chinese_chars": true,
  "tokenizer_class": "BertTokenizer",
  "unk_token": "[UNK]"
}
